b	205	10	A
b	205	25	C
b	205	40	C
b	205	55	A
b	205	70	T
b	205	85	G
b	205	100	A
b	205	115	A
b	205	130	A
b	205	145	A
b	205	160	T
b	218	170	A
b	231	170	A
b	244	170	A
b	257	170	C
b	270	170	C
b	282	163	T
b	294	160	C
b	306	168	A
b	312	181.5	A
b	306	195	C
b	294	203	G
b	282	200	T
b	270	193	G
b	257	193	G
b	244	193	T
b	231	193	T
b	218	193	T
b	220	205	T
b	226	215	A
b	218	225	A
b	206	228	A
b	200	238	A
b	200	253	A
b	200	268	C
b	200	283	C
b	200	298	C
b	208	308	C
b	208	323	G
b	200	334	G
b	187.5	336	A
b	175	334	T
b	167	323	T
b	167	308	C

b	175	298	T
b	175	283	G
b	175	268	G
b	175	253	T
b	175	238	T
b	163	228	A
b	152	215	C
b	139	215	C
b	126	215	T
b	113	215	A
b	101	222	T
b	88	225	C
b	75	219	G
b	67	203.5	A
b	75	188	C
b	88	182	A
b	101	185	A
b	113	192	T
b	126	192	A
b	139	192	G
b	152	192	G
b	163	183	A
b	173	173	A
b	180	160	A
b	180	145	T
b	180	130	T
b	180	115	T
b	180	100	T
b	180	85	C
b	180	70	A
l	190	67	203	67
l	190	82	203	82
l	190	97	203	97
l	190	112	203	112
l	190	127	203	127
l	190	142	203	142
l	190	157	203	157
l	222	173	222	183
l	235	173	235	183
l	248	173	248	183
l	261	173	261	183
l	274	173	274	183
dl	180	223	203	223
l	185	235	198	235
l	185	250	198	250
l	185	265	198	265
l	185	280	198	280
d	192	295
l	116	195	116	205
l	130	195	130	205
l	142	195	142	205
l	156	195	156	205