Type	Genomic Coordinate	x1	y1	Base	x2	y2
b	5588	205	10	A
b	5589	205	25	C
b	5590	205	40	C
b	5591	205	55	A
b	5592	205	70	T
b	5593	205	85	T
b	5594	205	100	C
b	5595	205	115	C
b	5596	205	130	T
b	5597	205	145	G
b	5598	205	160	A
b	5599	220	170	C
b	5600	233	170	G
b	5601	246	170	T
b	5602	259	170	T
b	5603	272	170	T
b	5604	282	163	T
b	5605	294	160	G
b	5606	306	168	G
b	5607	312	181.5	G
b	5608	306	195	G
b	5609	294	203	T
b	5610	282	200	G
b	5611	272	193	A
b	5612	259	193	G
b	5613	246	193	A
b	5614	233	193	C
b	5615	220	193	G
b	5616	220	205	T
b	5617	226	215	A
b	5618	218	225	G
b	5619	206	228	T
b	5620	200	238	T
b	5621	200	253	G
b	5622	200	268	A
b	5623	200	283	C
b	5624	200	298	T
b	5625	208	308	T
b	5626	208	323	G
b	5627	200	334	C
b	5628	187.5	336	G
b	5629	175	334	T
b	5630	167	323	T
b	5631	167	308	T
b	5632	175	298	A
b	5633	175	283	G
b	5634	175	268	T
b	5635	175	253	C
b	5636	175	238	G
b	5637	163	228	G
b	5638	152	215	T
b	5639	139	215	G
b	5640	126	215	A
b	5641	113	215	A
b	5642	100	222	A
b	5643	87	217	T
b	5644	80	203.5	T
b	5645	87	190	A
b	5646	100	185	A
b	5647	113	192	T
b	5648	126	192	T
b	5649	139	192	C
b	5650	152	192	G
b	5651	165	183	A
b	5652	173	173	T
b	5653	180	160	T
b	5654	180	145	C
b	5655	180	130	G
b	5656	180	115	G
b	5657	180	100	G
b	5658	180	85	A
b	5659	180	70	A
l		190	67		203	67
l		190	82		203	82
l		190	97		203	97
l		190	112		203	112
d		196	127
l		190	142		203	142
l		190	157		203	157
l		224	173		224	183
l		237	173		237	183
l		250	173		250	183
d		263	177
l		276	173		276	183
dl		180	223		203	223
d		192	235
l		185	250		198	250
l		185	265		198	265
l		185	280		198	280
l		185	295		198	295
l		117	195		117	205
l		130	195		130	205
l		143	195		143	205
d		156	200