b	205	10	A	14742
b	205	25	C	14743
b	205	40	C	14744
b	205	55	A	14745
b	205	70	T	14746
b	205	85	A	14747
b	205	100	A	14748
b	205	115	G	14749
b	205	130	A	14750
b	205	145	G	14751
b	205	160	C	14752
b	220	170	G	14753
b	233	170	T	14754
b	246	170	G	14755
b	259	170	C	14756
b	272	170	C	14757
b	282	163	T	14758
b	294	160	G	14759
b	306	168	A	14760
b	312	181.5	T	14761
b	306	195	G	14762
b	294	203	T	14763
b	282	200	T	14764
b	272	193	G	14765
b	259	193	G	14766
b	246	193	T	14767
b	233	193	G	14768
b	220	193	C	14769
b	220	205	T	14770
b	226	215	G	14771
b	218	225	G	14772
b	206	228	T	14773
b	200	238	T	14774
b	200	253	A	14775
b	200	268	C	14776
b	200	283	T	14777
b	200	298	A	14778
b	208	308	T	14779
b	208	323	A	14780
b	200	334	C	14781
b	187.5	336	T	14782
b	175	334	T	14783
b	167	323	T	14784
b	167	308	T	14785
b	175	298	T	14786
b	175	283	G	14787
b	175	268	G	14788
b	175	253	T	14789
b	175	238	A	14790
b	163	228	G	14791
b	152	215	C	14792
b	139	215	A	14793
b	126	215	A	14794
b	113	215	C	14795
b	100	222	A	14796
b	87	217	T	14797
b	80	203.5	A	14798
b	87	190	A	14799
b	100	185	A	14800
b	113	192	G	14801
b	126	192	T	14802
b	139	192	T	14803
b	152	192	G	14804
b	165	183	A	14805
b	173	173	T	14806
b	180	160	G	14807
b	180	145	T	14808
b	180	130	T	14809
b	180	115	C	14810
b	180	100	T	14811
b	180	85	T	14812
b	180	70	G	14813
d	196	67
l	190	82	203	82
l	190	97	203	97
l	190	112	203	112
l	190	127	203	127
d	196	142
l	190	157	203	157
l	224	173	224	183
d	237	177
d	250	177
l	263	173	263	183
l	276	173	276	183
dl	180	223	203	223
l	185	235	198	235
l	185	250	198	250
l	185	265	198	265
d	192	280
l	185	295	198	295
l	117	195	117	205
l	130	195	130	205
l	143	195	143	205
l	156	195	156	205
