b	205	10	A	10405
b	205	25	C	10406
b	205	40	C	10407
b	205	55	A	10408
b	205	70	A	10409
b	205	85	C	10410
b	205	100	C	10411
b	205	115	A	10412
b	205	130	T	10413
b	205	145	T	10414
b	205	160	T	10415
b	218	170	A	10416
b	231	170	T	10417
b	244	170	A	10418
b	257	170	C	10419
b	268	165	T	10420
b	281	167	A	10421
b	289	181.5	A	10422
b	281	196	T	10423
b	268	198	A	10424
b	257	193	G	10425
b	244	193	T	10426
b	231	193	A	10427
b	218	193	T	10428
b	220	205	T	10429
b	226	215	A	10430
b	218	225	A	10431
b	206	228	A	10432
b	200	238	T	10433
b	200	253	T	10434
b	200	268	A	10435
b	200	283	C	10436
b	200	298	T	10437
b	208	308	C	10438
b	208	323	A	10439
b	200	334	G	10440
b	187.5	336	C	10441
b	175	334	T	10442
b	167	323	T	10443
b	167	308	T	10444
b	175	298	A	10445
b	175	283	G	10446
b	175	268	T	10447
b	175	253	A	10448
b	175	238	A	10449
b	163	228	G	10450
b	152	215	C	10451
b	139	215	A	10452
b	126	215	A	10453
b	113	215	A	10454
b	100	222	A	10455
b	87	217	C	10456
b	80	203.5	A	10457
b	87	190	A	10458
b	100	185	A	10459
b	113	192	T	10460
b	126	192	T	10461
b	139	192	T	10462
b	152	192	G	10463
b	163	183	A	10464
b	173	173	T	10465
b	180	160	A	10466
b	180	145	T	10467
b	180	130	A	10468
b	180	115	T	10469
b	180	100	G	10470
b	180	85	G	10471
b	180	70	T	10472
l	190	67	205	67
l	190	82	205	82
l	190	97	205	97
l	190	112	205	112
l	190	127	205	127
d	196	142
l	190	157	205	157
l	222	173	222	183
l	235	173	235	183
l	248	173	248	183
l	261	173	261	183
dl	180	223	203	223
l	185	235	198	235
l	185	250	198	250
l	185	265	198	265
l	185	280	198	280
l	185	295	198	295
l	117	195	117	205
l	130	195	130	205
l	142	195	142	205
l	156	195	156	205
