b	205	10	A	5826
b	205	25	C	5827
b	205	40	C	5828
b	205	55	T	5829
b	205	70	T	5830
b	205	85	C	5831
b	205	100	G	5832
b	205	115	G	5833
b	205	130	G	5834
b	205	145	G	5835
b	205	160	C	5836
b	218	170	C	5837
b	231	170	G	5838
b	244	170	T	5839
b	257	170	C	5840
b	269	163	C	5841
b	281	160	A	5842
b	293	163	A	5843
b	302	174	A	5844
b	302	189	C	5845
b	293	200	T	5846
b	281	203	T	5847
b	269	200	C	5848
b	257	193	G	5849
b	244	193	A	5850
b	231	193	C	5851
b	218	193	G	5852
b	220	205	A	5853
b	226	215	A	5854
b	218	225	G	5855
b	206	228	A	5856
b	200	238	A	5857
b	200	253	G	5858
b	200	268	C	5859
b	200	283	T	5860
b	200	298	T	5861
b	208	308	A	5862
b	208	323	A	5863
b	200	334	A	5864
b	187.5	336	C	5865
b	175	334	G	5866
b	167	323	T	5867
b	167	308	T	5868
b	175	298	A	5869
b	175	283	A	5870
b	175	268	G	5871
b	175	253	T	5872
b	175	238	T	5873
b	163	228	A	5874
b	152	215	T	5875
b	139	215	A	5876
b	126	215	C	5877
b	113	222	T	5878
b	100	217	T	5879
b	93	203.5	T	5880
b	100	190	T	5881
b	113	185	A	5882
b	126	192	G	5883
b	139	192	T	5884
b	152	192	G	5885
b	163	183	G	5886
b	173	173	A	5887
b	180	160	G	5888
b	180	145	C	5889
b	180	130	C	5890
b	180	115	T	5891
b	180	100	C	5892
b	180	85	G	5893
b	180	70	A	5894
l	190	67	203	67
l	190	82	203	82
l	190	97	203	97
d	196	112
l	190	127	203	127
l	190	142	203	142
l	190	157	203	157
l	222	173	222	183
l	235	173	235	183
l	248	173	248	183
l	261	173	261	183
dl	180	223	203	223
l	185	235	198	235
d	192	250
l	185	265	198	265
l	185	280	198	280
l	185	295	198	295
l	130	195	130	205
l	142	195	142	205
d	156	200
