b	205	10	A	9991
b	205	25	C	9992
b	205	40	C	9993
b	205	55	A	9994
b	205	70	T	9995
b	205	85	G	9996
b	205	100	A	9997
b	205	115	G	9998
b	205	130	A	9999
b	205	145	A	10000
b	205	160	A	10001
b	220	170	A	10002
b	233	170	A	10003
b	246	170	A	10004
b	259	170	C	10005
b	272	170	T	10006
b	283	163	T	10007
b	296	163	A	10008
b	308	175	C	10009
b	308	190	A	10010
b	296	200	A	10011
b	283	200	C	10012
b	272	193	A	10013
b	259	193	G	10014
b	246	193	T	10015
b	233	193	T	10016
b	220	193	T	10017
b	220	205	T	10018
b	226	215	G	10019
b	218	225	A	10020
b	206	228	T	10021
b	200	238	C	10022
b	200	253	A	10023
b	200	268	A	10024
b	200	283	T	10025
b	200	298	T	10026
b	208	308	A	10027
b	208	323	A	10028
b	200	334	C	10029
b	187.5	336	C	10030
b	175	334	T	10031
b	167	323	T	10032
b	167	308	C	10033
b	175	298	A	10034
b	175	283	A	10035
b	175	268	T	10036
b	175	253	T	10037
b	175	238	G	10038
b	163	228	C	10039
b	152	215	C	10040
b	139	215	A	10041
b	126	215	T	10042
b	113	215	G	10043
b	100	222	A	10044
b	87	217	T	10045
b	80	203.5	A	10046
b	87	190	A	10047
b	100	185	A	10048
b	113	192	T	10049
b	126	192	A	10050
b	139	192	T	10051
b	152	192	G	10052
b	165	183	A	10053
b	173	173	T	10054
b	180	160	T	10055
b	180	145	T	10056
b	180	130	T	10057
b	180	115	C	10058
b	180	100	T	10059
b	180	85	C	10060
b	180	70	A	10061
l	190	67	203	67
l	190	82	203	82
l	190	97	203	97
l	190	112	203	112
l	190	127	203	127
l	190	142	203	142
l	190	157	203	157
l	224	173	224	183
l	237	173	237	183
l	250	173	250	183
l	263	173	263	183
l	276	173	276	183
dl	180	223	203	223
l	185	235	198	235
l	185	250	198	250
l	185	265	198	265
l	185	280	198	280
l	185	295	198	295
c	117	200
l	130	195	130	205
l	143	195	143	205
l	156	195	156	205
