b	205	10	A	7518
b	205	25	C	7519
b	205	40	C	7520
b	205	55	A	7521
b	205	70	T	7522
b	205	85	T	7523
b	205	100	C	7524
b	205	115	T	7525
b	205	130	A	7526
b	205	145	T	7527
b	205	160	A	7528
b	220	170	T	7529
b	233	170	A	7530
b	246	170	T	7531
b	259	170	C	7532
b	272	170	C	7533
b	283	163	T	7534
b	296	163	A	7535
b	308	175	A	7536
b	308	190	A	7537
b	296	200	T	7538
b	283	200	C	7539
b	272	193	G	7540
b	259	193	G	7541
b	246	193	A	7542
b	233	193	T	7543
b	220	193	A	7544
b	220	205	T	7545
b	226	215	T	7546
b	218	225	A	7547
b	206	228	A	7548
b	200	238	A	7549
b	200	253	T	7550
b	200	268	T	7551
b	200	283	G	7552
b	200	298	A	7553
b	208	308	A	7554
b	208	323	A	7555
b	200	334	C	7556
b	187.5	336	T	7557
b	175	334	G	7558
b	167	323	T	7559
b	167	308	T	7560
b	175	298	T	7561
b	175	283	C	7562
b	175	268	A	7563
b	175	253	A	7564
b	175	238	T	7565
b	163	228	A	7566
b	152	215	C	7567
b	139	215	T	7568
b	126	215	T	7569
b	113	215	T	7570
b	100	222	A	7571
b	87	217	C	7572
b	80	203.5	C	7573
b	87	190	A	7574
b	100	185	A	7575
b	113	192	A	7576
b	126	192	A	7577
b	139	192	A	7578
b	152	192	G	7579
b	165	183	A	7580
b	173	173	T	7581
b	180	160	T	7582
b	180	145	A	7583
b	180	130	T	7584
b	180	115	G	7585
b	180	100	G	7586
b	180	85	A	7587
b	180	70	A	7588
l	190	67	203	67
l	190	82	203	82
l	190	97	203	97
d	196	112
l	190	127	203	127
l	190	142	203	142
l	190	157	203	157
l	224	173	224	183
l	237	173	237	183
l	250	173	250	183
l	263	173	263	183
l	276	173	276	183
dl	180	223	203	223
l	185	235	198	235
l	185	250	198	250
l	185	265	198	265
l	185	280	198	280
l	185	295	198	295
l	117	195	117	205
l	130	195	130	205
l	143	195	143	205
l	156	195	156	205
