b	205	10	A	577
b	205	25	C	578
b	205	40	C	579
b	205	55	A	580
b	205	70	C	581
b	205	85	A	582
b	205	100	A	583
b	205	115	A	584
b	205	130	T	585
b	205	145	A	586
b	205	160	C	587
b	218	170	C	588
b	231	170	C	589
b	244	170	C	590
b	256	160	A	591
b	268	157	C	592
b	280	160	T	593
b	290	168	A	594
b	295	181.5	C	595
b	290	195	A	596
b	280	203	C	597
b	268	206	T	598
b	256	203	C	599
b	244	193	G	600
b	231	193	G	601
b	218	193	G	602
b	216	207	C	603
b	225	217	A	604
b	220	230	G	605
b	206	225	A	606
b	200	238	T	607
b	200	253	T	608
b	200	268	T	609
b	200	283	G	610
b	200	298	T	611
b	208	308	A	612
b	208	323	A	613
b	200	334	A	614
b	187.5	336	A	615
b	175	334	G	616
b	167	323	T	617
b	167	308	C	618
b	175	298	A	619
b	175	283	C	620
b	175	268	A	621
b	175	253	T	622
b	175	238	A	623
b	163	225	A	624
b	152	215	C	625
b	139	215	G	626
b	126	215	A	627
b	113	215	A	628
b	103	223	A	629
b	91	229	C	630
b	79	227	T	631
b	68	218	C	632
b	62	203.5	C	633
b	68	189	T	634
b	79	180	C	635
b	91	178	C	636
b	103	184	A	637
b	113	192	T	638
b	126	192	T	639
b	139	192	C	640
b	152	192	G	641
b	163	183	A	642
b	173	173	T	643
b	180	160	G	644
b	180	145	T	645
b	180	130	A	646
b	180	115	T	647
b	180	100	T	648
b	180	85	T	649
b	180	70	G	650
l	190	67	203	67
l	190	82	203	82
l	190	97	203	97
l	190	112	203	112
l	190	127	203	127
l	190	142	203	142
l	190	157	203	157
l	222	173	222	183
l	235	173	235	183
l	248	173	248	183
dl	180	223	203	223
l	185	235	198	235
d	192	250
l	185	265	198	265
l	185	280	198	280
l	185	295	198	295
l	117	195	117	205
l	130	195	130	205
l	143	195	143	205
l	156	195	156	205
