b	205	10	A	1602
b	205	25	C	1603
b	205	40	C	1604
b	205	55	A	1605
b	205	70	G	1606
b	205	85	T	1607
b	205	100	C	1608
b	205	115	T	1609
b	205	130	C	1610
b	205	145	G	1611
b	205	160	C	1612
b	218	170	C	1613
b	231	170	A	1614
b	244	170	G	1615
b	257	170	T	1616
b	270	170	T	1617
b	283	163	C	1618
b	296	163	A	1619
b	308	175	A	1620
b	308	190	T	1621
b	296	200	T	1622
b	283	200	C	1623
b	270	193	A	1624
b	257	193	A	1625
b	244	193	C	1626
b	231	193	T	1627
b	218	193	T	1628
b	220	205	T	1629
b	226	215	A	1630
b	218	225	G	1631
b	206	228	A	1632
b	200	238	G	1633
b	200	253	G	1634
b	200	268	A	1635
b	200	283	T	1636
b	200	298	T	1637
b	208	308	C	1638
b	208	323	A	1639
b	200	334	C	1640
b	187.5	336	A	1641
b	175	334	T	1642
b	167	323	T	1643
b	167	308	C	1644
b	175	298	A	1645
b	175	283	A	1646
b	175	268	C	1647
b	175	253	C	1648
b	175	238	C	1649
b	163	228	A	1650
b	152	215	C	1651
b	139	215	G	1652
b	126	215	A	1653
b	113	215	A	1654
b	100	222	A	1655
b	87	222	C	1656
b	74	210	A	1657
b	74	194.5	C	1658
b	87	185	A	1659
b	100	185	A	1660
b	113	192	T	1661
b	126	192	T	1662
b	139	192	C	1663
b	152	192	G	1664
b	163	183	A	1665
b	173	173	T	1666
b	180	70	G	1667
b	180	85	T	1668
b	180	100	G	1669
b	180	115	A	1670
b	180	130	G	1671
b	180	145	A	1672
b	180	160	C	1673
l	190	67	205	67
l	190	82	205	82
l	190	97	205	97
l	190	112	205	112
l	190	127	205	127
d	196	142
l	190	157	205	157
d	222	177
l	235	173	235	183
l	248	173	248	183
l	261	173	261	183
l	274	173	274	183
dl	180	223	203	223
l	185	235	198	235
l	185	250	198	250
d	191	265
l	185	280	198	280
l	185	295	198	295
l	117	195	117	205
l	130	195	130	205
l	142	195	142	205
l	156	195	156	205
