b	205	10	A	12207
b	205	25	C	12208
b	205	40	C	12209
b	205	55	A	12210
b	205	70	C	12211
b	205	85	T	12212
b	205	100	C	12213
b	205	115	T	12214
b	205	130	T	12215
b	205	145	T	12216
b	205	160	C	12217
b	218	170	G	12218
b	231	170	G	12219
b	244	170	T	12220
b	257	170	A	12221
b	270	170	C	12222
b	282	163	A	12223
b	294	160	A	12224
b	306	163	C	12225
b	315	174	A	12226
b	315	189	A	12227
b	306	200	T	12228
b	294	203	C	12229
b	282	200	T	12230
b	270	193	G	12231
b	257	193	T	12232
b	244	193	A	12233
b	231	193	C	12234
b	218	193	C	12235
b	217	204	C	12236
b	215	216	C	12237
b	206	221	C	12238
b	200	233	G	12239
b	200	248	T	12240
b	200	263	A	12241
b	200	278	C	12242
b	200	293	T	12243
b	200	308	C	12244
b	208	318	A	12245
b	208	333	A	12246
b	200	344	T	12247
b	187.5	346	C	12248
b	175	344	G	12249
b	167	333	T	12250
b	167	318	C	12251
b	175	308	A	12252
b	175	293	A	12253
b	175	278	G	12254
b	175	263	A	12255
b	175	248	A	12256
b	175	233	C	12257
b	168	221	A	12258
b	160	205	C	12259
b	163	188	T	12260
b	171	173	C	12261
b	180	160	G	12262
b	180	145	A	12263
b	180	130	A	12264
b	180	115	A	12265
b	180	100	G	12266
b	180	85	A	12267
b	180	70	G	12268
l	190	67	203	67
l	190	82	203	82
l	190	97	203	97
l	190	112	203	112
l	190	127	203	127
l	190	142	203	142
l	190	157	203	157
l	222	173	222	183
l	235	173	235	183
l	248	173	248	183
l	261	173	261	183
l	274	173	274	183
dl	180	218	203	218
l	185	230	198	230
l	185	245	198	245
d	192	260
l	185	275	198	275
l	185	290	198	290
d	192	305
