b	205	10	A	5729
b	205	25	C	5730
b	205	40	C	5731
b	205	55	G	5732
b	205	70	A	5733
b	205	85	T	5734
b	205	100	C	5735
b	205	115	T	5736
b	205	130	G	5737
b	205	145	G	5738
b	205	160	T	5739
b	218	170	T	5740
b	231	170	A	5741
b	244	170	C	5742
b	257	170	C	5743
b	270	170	C	5744
b	282	163	T	5745
b	294	160	G	5746
b	306	168	A	5747
b	312	181.5	A	5748
b	306	195	T	5749
b	294	203	T	5750
b	282	200	T	5751
b	270	193	G	5752
b	257	193	G	5753
b	244	193	G	5754
b	231	193	T	5755
b	218	193	G	5756
b	220	204	T	5757
b	226	210	T	5758
b	223	220	T	5759
b	215	225	G	5760
b	206	228	T	5761
b	200	238	G	5762
b	200	253	A	5763
b	200	268	A	5764
b	200	283	T	5765
b	200	298	C	5766
b	208	308	A	5767
b	208	323	A	5768
b	200	334	T	5769
b	187.5	336	T	5770
b	175	334	G	5771
b	167	323	T	5772
b	167	308	C	5773
b	175	298	G	5774
b	175	283	A	5775
b	175	268	T	5776
b	175	253	T	5777
b	175	238	C	5778
b	163	228	G	5779
b	152	215	T	5780
b	139	215	G	5781
b	126	215	G	5782
b	117	224	G	5783
b	105	230	A	5784
b	94	230	T	5785
b	82	222.5	T	5786
b	76	208.5	A	5787
b	76	196	G	5788
b	82	184.5	T	5789
b	94	177	T	5790
b	105	177	G	5791
b	117	183	A	5792
b	126	192	C	5793
b	139	192	C	5794
b	152	192	G	5795
b	163	183	A	5796
b	173	173	A	5797
b	180	160	G	5798
b	180	145	T	5799
b	180	130	T	5800
b	180	115	A	5801
b	180	100	G	5802
b	180	85	A	5803
b	180	70	T	5804
l	190	67	205	67
l	190	82	205	82
l	190	97	205	97
l	190	112	205	112
d	196	127
d	196	142
d	196	157
d	222	177
l	235	173	235	183
l	248	173	248	183
l	261	173	261	183
l	274	173	274	183
dl	180	223	203	223
l	185	235	198	235
l	185	250	198	250
l	185	265	198	265
l	185	280	198	280
l	185	295	198	295
l	130	195	130	205
l	142	195	142	205
d	156	200
