b	205	10	A	15888
b	205	25	C	15889
b	205	40	C	15890
b	205	55	A	15891
b	205	70	C	15892
b	205	85	A	15893
b	205	100	G	15894
b	205	115	G	15895
b	205	130	A	15896
b	205	145	A	15897
b	205	160	C	15898
b	218	170	C	15899
b	231	170	T	15900
b	244	170	T	15901
b	257	170	T	15902
b	268	165	T	15903
b	281	167	T	15904
b	289	181.5	C	15905
b	281	196	C	15906
b	268	198	A	15907
b	257	193	A	15908
b	244	193	A	15909
b	231	193	A	15910
b	218	193	G	15911
b	220	205	T	15912
b	226	215	A	15913
b	218	225	G	15914
b	206	228	A	15915
b	200	238	G	15916
b	200	253	G	15917
b	200	268	C	15918
b	200	283	C	15919
b	200	298	A	15920
b	208	308	A	15921
b	208	323	A	15922
b	200	334	T	15923
b	187.5	336	G	15924
b	175	334	T	15925
b	167	323	T	15926
b	167	308	C	15927
b	175	298	T	15928
b	175	283	G	15929
b	175	268	A	15930
b	175	253	C	15931
b	175	238	C	15932
b	163	228	A	15933
b	152	215	C	15934
b	139	215	A	15935
b	126	215	T	15936
b	114	223	A	15937
b	101	228	A	15938
b	88	223	T	15939
b	75	211	C	15940
b	75	196	A	15941
b	88	184	A	15942
b	101	179	A	15943
b	114	184	T	15944
b	126	192	A	15945
b	139	192	T	15946
b	152	192	G	15947
b	165	183	A	15948
b	173	173	T	15949
b	180	160	G	15950
b	180	145	T	15951
b	180	130	T	15952
b	180	115	C	15953
b	180	100	C	15954
b	180	85	T	15955
b	180	70	G	15956
l	190	67	205	67
l	190	82	205	82
l	190	97	205	97
l	190	112	205	112
l	190	127	205	127
l	190	142	205	142
l	190	157	205	157
l	222	173	222	183
l	235	173	235	183
l	248	173	248	183
l	261	173	261	183
dl	180	223	203	223
l	185	235	198	235
l	185	250	198	250
d	192	265
l	185	280	198	280
l	185	295	198	295
l	130	195	130	205
l	143	195	143	205
l	156	195	156	205
