b	205	10	A	5891
b	205	25	C	5892
b	205	40	C	5893
b	205	55	A	5894
b	205	70	C	5895
b	205	85	C	5896
b	205	100	A	5897
b	205	115	T	5898
b	205	130	T	5899
b	205	145	T	5900
b	205	160	T	5901
b	218	170	T	5902
b	231	170	C	5903
b	244	170	T	5904
b	257	170	C	5905
b	270	170	C	5906
b	281	165	G	5907
b	294	167	G	5908
b	302	181.5	A	5909
b	294	196	T	5910
b	281	198	T	5911
b	270	193	G	5912
b	257	193	G	5913
b	244	193	G	5914
b	231	193	G	5915
b	218	193	A	5916
b	220	205	C	5917
b	226	215	A	5918
b	218	225	G	5919
b	206	228	A	5920
b	200	238	A	5921
b	200	253	A	5922
b	200	268	T	5923
b	200	283	C	5924
b	200	298	T	5925
b	208	308	A	5926
b	208	323	A	5927
b	200	334	A	5928
b	187.5	336	T	5929
b	175	334	G	5930
b	167	323	T	5931
b	167	308	C	5932
b	175	298	A	5933
b	175	283	G	5934
b	175	268	G	5935
b	175	253	T	5936
b	175	238	T	5937
b	163	228	A	5938
b	152	215	C	5939
b	139	215	G	5940
b	126	215	A	5941
b	113	222	A	5942
b	100	222	G	5943
b	87	210	T	5944
b	87	194.5	G	5945
b	100	185	A	5946
b	113	185	G	5947
b	126	192	T	5948
b	139	192	C	5949
b	152	192	G	5950
b	163	183	G	5951
b	173	173	T	5952
b	180	160	A	5953
b	180	145	A	5954
b	180	130	A	5955
b	180	115	A	5956
b	180	100	T	5957
b	180	85	G	5958
b	180	70	G	5959
l	190	67	203	67
l	190	82	203	82
l	190	97	203	97
l	190	112	203	112
l	190	127	203	127
l	190	142	203	142
l	190	157	203	157
l	222	173	222	183
l	235	173	235	183
d	248	177
l	261	173	261	183
l	274	173	274	183
dl	180	223	203	223
l	185	235	198	235
l	185	250	198	250
d	191	265
l	185	280	198	280
l	185	295	198	295
l	130	195	130	205
l	142	195	142	205
l	156	195	156	205
