b	205	10	A	12138
b	205	25	C	12139
b	205	40	C	12140
b	205	55	C	12141
b	205	70	C	12142
b	205	85	A	12143
b	205	100	T	12144
b	205	115	T	12145
b	205	130	T	12146
b	205	145	A	12147
b	205	160	T	12148
b	220	170	T	12149
b	233	170	C	12150
b	246	170	C	12151
b	259	170	C	12152
b	272	170	C	12153
b	282	163	A	12154
b	294	160	G	12155
b	306	168	C	12156
b	312	181.5	A	12157
b	306	195	T	12158
b	294	203	T	12159
b	282	200	C	12160
b	272	193	G	12161
b	259	193	G	12162
b	246	193	A	12163
b	233	193	G	12164
b	220	193	A	12165
b	220	205	C	12166
b	226	215	A	12167
b	218	225	A	12168
b	206	228	C	12169
b	200	238	A	12170
b	200	253	G	12171
b	200	268	T	12172
b	200	283	C	12173
b	200	298	T	12174
b	208	308	A	12175
b	208	323	A	12176
b	200	334	G	12177
b	187.5	336	T	12178
b	175	334	G	12179
b	167	323	T	12180
b	167	308	T	12181
b	175	298	A	12182
b	175	283	G	12183
b	175	268	A	12184
b	175	253	C	12185
b	175	238	T	12186
b	163	228	A	12187
b	152	215	C	12188
b	139	215	A	12189
b	126	215	A	12190
b	113	215	A	12191
b	100	222	A	12192
b	87	217	C	12193
b	80	203.5	C	12194
b	87	190	A	12195
b	100	185	A	12196
b	113	192	T	12197
b	126	192	T	12198
b	139	192	T	12199
b	152	192	G	12200
b	165	183	A	12201
b	173	173	T	12202
b	180	160	A	12203
b	180	145	T	12204
b	180	130	A	12205
b	180	115	A	12206
b	180	100	A	12207
b	180	85	T	12208
b	180	70	G	12209
l	190	67	203	67
l	190	82	203	82
l	190	97	203	97
l	190	112	203	112
l	190	127	203	127
l	190	142	203	142
l	190	157	203	157
l	224	173	224	183
l	237	173	237	183
d	250	177	2
l	263	173	263	183
l	276	173	276	183
dl	180	223	203	223
l	185	235	198	235
l	185	250	198	250
l	185	265	198	265
l	185	280	198	280
l	185	295	198	295
l	117	195	117	205
l	130	195	130	205
l	143	195	143	205
l	156	195	156	205
