b	205	10	A	12266
b	205	25	C	12267
b	205	40	C	12268
b	205	55	A	12269
b	205	70	T	12270
b	205	85	G	12271
b	205	100	A	12272
b	205	115	A	12273
b	205	130	A	12274
b	205	145	A	12275
b	205	160	T	12276
b	218	170	A	12277
b	231	170	A	12278
b	244	170	A	12279
b	257	170	C	12280
b	270	170	C	12281
b	282	163	T	12282
b	294	160	C	12283
b	306	168	A	12284
b	312	181.5	A	12285
b	306	195	C	12286
b	294	203	G	12287
b	282	200	T	12288
b	270	193	G	12289
b	257	193	G	12290
b	244	193	T	12291
b	231	193	T	12292
b	218	193	T	12293
b	220	205	T	12294
b	226	215	A	12295
b	218	225	A	12296
b	206	228	A	12297
b	200	238	A	12298
b	200	253	A	12299
b	200	268	C	12300
b	200	283	C	12301
b	200	298	C	12302
b	208	308	C	12303
b	208	323	G	12304
b	200	334	G	12305
b	187.5	336	A	12306
b	175	334	T	12307
b	167	323	T	12308
b	167	308	C	12309
b	175	298	T	12310
b	175	283	G	12311
b	175	268	G	12312
b	175	253	T	12313
b	175	238	T	12314
b	163	228	A	12315
b	152	215	C	12316
b	139	215	C	12317
b	126	215	T	12318
b	113	215	A	12319
b	101	222	T	12320
b	88	225	C	12321
b	75	219	G	12322
b	67	203.5	A	12323
b	75	188	C	12324
b	88	182	A	12325
b	101	185	A	12326
b	113	192	T	12327
b	126	192	A	12328
b	139	192	G	12329
b	152	192	G	12330
b	163	183	A	12331
b	173	173	A	12332
b	180	160	A	12333
b	180	145	T	12334
b	180	130	T	12335
b	180	115	T	12336
b	180	100	T	12337
b	180	85	C	12338
b	180	70	A	12339
l	190	67	203	67
l	190	82	203	82
l	190	97	203	97
l	190	112	203	112
l	190	127	203	127
l	190	142	203	142
l	190	157	203	157
l	222	173	222	183
l	235	173	235	183
l	248	173	248	183
l	261	173	261	183
l	274	173	274	183
dl	180	223	203	223
l	185	235	198	235
l	185	250	198	250
l	185	265	198	265
l	185	280	198	280
d	192	295
l	116	195	116	205
l	130	195	130	205
l	142	195	142	205
l	156	195	156	205
