b	205	10	A	4402
b	205	25	C	4403
b	205	40	C	4404
b	205	55	A	4405
b	205	70	T	4406
b	205	85	C	4407
b	205	100	A	4408
b	205	115	T	4409
b	205	130	G	4410
b	205	145	C	4411
b	205	160	C	4412
b	218	170	C	4413
b	231	170	T	4414
b	244	170	T	4415
b	257	170	C	4416
b	270	170	C	4417
b	283	163	C	4418
b	296	163	A	4419
b	308	175	T	4420
b	308	190	A	4421
b	296	200	T	4422
b	283	200	T	4423
b	270	193	G	4424
b	257	193	G	4425
b	244	193	T	4426
b	231	193	T	4427
b	218	193	G	4428
b	220	205	T	4429
b	226	215	A	4430
b	218	225	A	4431
b	206	228	A	4432
b	200	238	A	4433
b	200	253	G	4434
b	200	268	C	4435
b	200	283	C	4436
b	200	298	C	4437
b	208	308	C	4438
b	208	323	A	4439
b	200	334	T	4440
b	187.5	336	A	4441
b	175	334	C	4442
b	167	323	C	4443
b	167	308	C	4444
b	175	298	G	4445
b	175	283	G	4446
b	175	268	G	4447
b	175	253	C	4448
b	175	238	T	4449
b	163	228	A	4450
b	152	215	T	4451
b	139	215	C	4452
b	126	215	G	4453
b	113	215	A	4454
b	100	222	A	4455
b	87	217	T	4456
b	80	203.5	A	4457
b	87	190	A	4458
b	100	185	A	4459
b	113	192	T	4460
b	126	192	C	4461
b	139	192	G	4462
b	152	192	A	4463
b	163	183	C	4464
b	173	173	T	4465
b	180	70	A	4466
b	180	85	G	4467
b	180	100	T	4468
b	180	115	A	4469
b	180	130	A	4470
b	180	145	G	4471
b	180	160	G	4472
l	190	67	205	67
l	190	82	205	82
l	190	97	205	97
l	190	112	205	112
d	196	127
l	190	142	205	142
l	190	157	205	157
l	222	173	222	183
d	235	177
d	248	177
l	261	173	261	183
l	274	173	274	183
dl	180	223	203	223
l	185	235	198	235
l	185	250	198	250
l	185	265	198	265
l	185	280	198	280
l	185	295	198	295
l	117	195	117	205
l	130	195	130	205
l	142	195	142	205
l	156	195	156	205
