b	205	10	A	16023
b	205	25	C	16024
b	205	40	C	16025
b	205	55	A	16026
b	205	70	G	16027
b	205	85	T	16028
b	205	100	C	16029
b	205	115	T	16030
b	205	130	C	16031
b	205	145	T	16032
b	205	160	T	16033
b	218	170	T	16034
b	231	170	T	16035
b	244	170	T	16036
b	257	170	C	16037
b	269	163	A	16038
b	281	160	G	16039
b	293	168	A	16040
b	299	181.5	A	16041
b	293	195	A	16042
b	281	203	T	16043
b	269	200	T	16044
b	257	193	G	16045
b	244	193	A	16046
b	231	193	G	16047
b	218	193	G	16048
b	220	205	T	16049
b	226	215	G	16050
b	218	225	G	16051
b	206	228	T	16052
b	200	238	A	16053
b	200	253	A	16054
b	200	268	T	16055
b	200	283	C	16056
b	200	298	G	16057
b	208	308	T	16058
b	208	323	G	16059
b	200	334	G	16060
b	187.5	336	G	16061
b	175	334	T	16062
b	167	323	T	16063
b	167	308	T	16064
b	175	298	C	16065
b	175	283	G	16066
b	175	268	A	16067
b	175	253	T	16068
b	175	238	T	16069
b	163	228	C	16070
b	152	215	T	16071
b	139	215	A	16072
b	126	215	A	16073
b	113	215	G	16074
b	100	222	A	16075
b	87	222	T	16076
b	74	210	T	16077
b	74	194.5	A	16078
b	87	185	A	16079
b	100	185	A	16080
b	113	192	T	16081
b	126	192	T	16082
b	139	192	T	16083
b	152	192	G	16084
b	163	183	A	16085
b	173	173	T	16086
b	180	160	A	16087
b	180	145	A	16088
b	180	130	G	16089
b	180	115	A	16090
b	180	100	G	16091
b	180	85	A	16092
b	180	70	C	16093
l	190	67	203	67
l	190	82	203	82
l	190	97	203	97
l	190	112	203	112
l	190	127	203	127
l	190	142	203	142
l	190	157	203	157
d	222	177
d	235	177
l	248	173	248	183
l	261	173	261	183
dl	180	223	203	223
l	185	235	198	235
l	185	250	198	250
l	185	265	198	265
l	185	280	198	280
l	185	295	198	295
d	117	200
l	130	195	130	205
l	143	195	143	205
d	156	200
