b	205	10	A	5512
b	205	25	C	5513
b	205	40	C	5514
b	205	55	G	5515
b	205	70	T	5516
b	205	85	C	5517
b	205	100	T	5518
b	205	115	T	5519
b	205	130	T	5520
b	205	145	A	5521
b	205	160	A	5522
b	218	170	T	5523
b	231	170	T	5524
b	244	170	C	5525
b	256	163	A	5526
b	268	160	T	5527
b	280	163	A	5528
b	289	174	A	5529
b	289	189	C	5530
b	280	200	G	5531
b	268	203	T	5532
b	256	200	T	5533
b	244	193	G	5534
b	231	193	A	5535
b	218	193	A	5536
b	220	205	T	5537
b	226	215	G	5538
b	218	225	A	5539
b	206	228	C	5540
b	200	238	T	5541
b	200	253	C	5542
b	200	268	C	5543
b	200	283	C	5544
b	200	298	G	5545
b	208	308	A	5546
b	208	323	A	5547
b	200	334	A	5548
b	187.5	336	C	5549
b	175	334	T	5550
b	167	323	T	5551
b	167	308	C	5552
b	175	298	C	5553
b	175	283	G	5554
b	175	268	A	5555
b	175	253	G	5556
b	175	238	A	5557
b	163	228	A	5558
b	152	215	C	5559
b	139	215	C	5560
b	126	215	A	5561
b	113	215	G	5562
b	101	222	A	5563
b	88	225	C	5564
b	75	219	A	5565
b	67	203.5	T	5566
b	75	188	A	5567
b	88	182	A	5568
b	101	185	A	5569
b	113	192	T	5570
b	126	192	T	5571
b	139	192	G	5572
b	152	192	G	5573
b	163	183	A	5574
b	173	173	T	5575
b	180	160	T	5576
b	180	145	T	5577
b	180	130	A	5578
b	180	115	A	5579
b	180	100	A	5580
b	180	85	G	5581
b	180	70	A	5582
l	190	67	203	67
l	190	82	203	82
l	190	97	203	97
l	190	112	203	112
l	190	127	203	127
l	190	142	203	142
l	190	157	203	157
l	222	173	222	183
l	235	173	235	183
l	248	173	248	183
dl	180	223	203	223
l	185	235	198	235
l	185	250	198	250
d	192	265
l	185	280	198	280
l	185	295	198	295
d	116	200
l	130	195	130	205
l	142	195	142	205
l	156	195	156	205
