b	205	10	A	4263
b	205	25	C	4264
b	205	40	C	4265
b	205	55	A	4266
b	205	70	T	4267
b	205	85	C	4268
b	205	100	T	4269
b	205	115	T	4270
b	205	130	T	4271
b	205	145	A	4272
b	205	160	T	4273
b	218	170	T	4274
b	231	170	C	4275
b	244	170	C	4276
b	257	170	C	4277
b	270	170	C	4278
b	282	163	C	4279
b	294	160	A	4280
b	306	168	A	4281
b	312	181.5	A	4282
b	306	195	T	4283
b	294	203	T	4284
b	282	200	C	4285
b	270	193	G	4286
b	257	193	A	4287
b	244	193	G	4288
b	231	193	G	4289
b	218	193	A	4290
b	220	204	T	4291
b	226	210	A	4292
b	223	220	A	4293
b	215	225	T	4294
b	206	228	A	4295
b	200	238	A	4296
b	200	253	A	4297
b	200	268	T	4298
b	200	283	G	4299
b	200	298	A	4300
b	208	308	G	4301
b	208	323	A	4302
b	200	334	T	4303
b	187.5	336	A	4304
b	175	334	G	4305
b	167	323	T	4306
b	167	308	T	4307
b	175	298	T	4308
b	175	283	C	4309
b	175	268	A	4310
b	175	253	T	4311
b	175	238	T	4312
b	163	228	G	4313
b	152	215	A	4314
b	139	215	G	4315
b	126	215	A	4316
b	113	222	A	4317
b	100	222	A	4318
b	87	210	A	4319
b	87	194.5	T	4320
b	100	185	A	4321
b	113	185	G	4322
b	126	192	T	4323
b	139	192	C	4324
b	152	192	T	4325
b	163	183	G	4326
b	173	173	T	4327
b	180	160	A	4328
b	180	145	T	4329
b	180	130	A	4330
b	180	115	A	4331
b	180	100	A	4332
b	180	85	G	4333
b	180	70	A	4334
l	190	67	203	67
l	190	82	203	82
l	190	97	203	97
l	190	112	203	112
l	190	127	203	127
l	190	142	203	142
l	190	157	203	157
l	222	173	222	183
l	235	173	235	183
l	248	173	248	183
d	261	177
l	274	173	274	183
dl	180	223	203	223
l	185	235	198	235
l	185	250	198	250
l	185	265	198	265
l	185	280	198	280
l	185	295	198	295
l	130	195	130	205
l	142	195	142	205
l	156	195	156	205
