b	205	10	A	8295
b	205	25	C	8296
b	205	40	C	8297
b	205	55	A	8298
b	205	70	G	8299
b	205	85	T	8300
b	205	100	G	8301
b	205	115	A	8302
b	205	130	C	8303
b	205	145	A	8304
b	205	160	T	8305
b	218	170	T	8306
b	231	170	T	8307
b	244	170	C	8308
b	257	170	T	8309
b	270	170	C	8310
b	282	160	C	8311
b	294	157	A	8312
b	306	160	C	8313
b	316	168	A	8314
b	321	181.5	A	8315
b	316	195	C	8316
b	306	203	C	8317
b	294	206	A	8318
b	282	203	A	8319
b	270	193	G	8320
b	257	193	A	8321
b	244	193	G	8322
b	231	193	A	8323
b	218	193	A	8324
b	220	205	T	8325
b	228	214	T	8326
b	228	225	A	8327
b	218	230	G	8328
b	206	228	A	8329
b	200	238	A	8330
b	200	253	A	8331
b	200	268	T	8332
b	200	283	T	8333
b	200	298	G	8334
b	208	308	A	8335
b	208	323	A	8336
b	200	334	T	8337
b	187.5	336	T	8338
b	175	334	T	8339
b	167	323	T	8340
b	167	308	C	8341
b	175	298	C	8342
b	175	283	A	8343
b	175	268	A	8344
b	175	253	T	8345
b	175	238	T	8346
b	163	228	A	8347
b	152	215	C	8348
b	139	215	G	8349
b	126	215	A	8350
b	113	215	T	8351
b	100	222	T	8352
b	90	203.5	C	8353
b	100	185	A	8354
b	113	192	A	8355
b	126	192	T	8356
b	139	192	C	8357
b	152	192	G	8358
b	163	183	A	8359
b	173	173	A	8360
b	180	160	A	8361
b	180	145	T	8362
b	180	130	G	8363
b	180	115	T	8364
b	180	100	C	8365
b	180	85	A	8366
b	180	70	C	8367
l	190	67	203	67
l	190	82	203	82
l	190	97	203	97
l	190	112	203	112
l	190	127	203	127
l	190	142	203	142
l	190	157	203	157
l	222	173	222	183
l	235	173	235	183
l	248	173	248	183
l	261	173	261	183
l	274	173	274	183
dl	180	223	203	223
l	185	235	198	235
l	185	250	198	250
l	185	265	198	265
l	185	280	198	280
l	185	295	198	295
l	117	195	117	205
l	130	195	130	205
l	143	195	143	205
l	156	195	156	205
