Type	x1	y1	Base	x2	y2
b	205	10	A	5655
b	205	25	C	5656
b	205	40	C	5657
b	205	55	A	5658
b	205	70	T	5659
b	205	85	T	5660
b	205	100	C	5661
b	205	115	C	5662
b	205	130	T	5663
b	205	145	G	5664
b	205	160	A	5665
b	220	170	C	5666
b	233	170	G	5667
b	246	170	T	5668
b	259	170	T	5669
b	272	170	T	5670
b	282	163	T	5671
b	294	160	G	5672
b	306	168	G	5673
b	312	181.5	G	5674
b	306	195	G	5675
b	294	203	T	5676
b	282	200	G	5677
b	272	193	A	5678
b	259	193	G	5679
b	246	193	A	5680
b	233	193	C	5681
b	220	193	G	5682
b	220	205	T	5683
b	226	215	A	5684
b	218	225	G	5685
b	206	228	T	5686
b	200	238	T	5687
b	200	253	G	5688
b	200	268	A	5689
b	200	283	C	5690
b	200	298	T	5691
b	208	308	T	5692
b	208	323	G	5693
b	200	334	C	5694
b	187.5	336	G	5695
b	175	334	T	5696
b	167	323	T	5697
b	167	308	T	5698
b	175	298	A	5699
b	175	283	G	5700
b	175	268	T	5701
b	175	253	C	5702
b	175	238	G	5703
b	163	228	G	5704
b	152	215	T	5705
b	139	215	G	5706
b	126	215	A	5707
b	113	215	A	5708
b	100	222	A	5709
b	87	217	T	5710
b	80	203.5	T	5711
b	87	190	A	5712
b	100	185	A	5713
b	113	192	T	5714
b	126	192	T	5715
b	139	192	C	5716
b	152	192	G	5717
b	165	183	A	5718
b	173	173	T	5719
b	180	160	T	5720
b	180	145	C	5721
b	180	130	G	5722
b	180	115	G	5723
b	180	100	G	5724
b	180	85	A	5725
b	180	70	A	5726
l	190	67	203	67
l	190	82	203	82
l	190	97	203	97
l	190	112	203	112
d	196	127
l	190	142	203	142
l	190	157	203	157
l	224	173	224	183
l	237	173	237	183
l	250	173	250	183
d	263	177
l	276	173	276	183
dl	180	223	203	223
d	192	235
l	185	250	198	250
l	185	265	198	265
l	185	280	198	280
l	185	295	198	295
l	117	195	117	205
l	130	195	130	205
l	143	195	143	205
d	156	200
