b	205	10	A	4400
b	205	25	C	4401
b	205	40	C	4402
b	205	55	G	4403
b	205	70	A	4404
b	205	85	T	4405
b	205	100	C	4406
b	205	115	C	4407
b	205	130	T	4408
b	205	145	G	4409
b	205	160	A	4410
b	220	170	T	4411
b	233	170	A	4412
b	246	170	C	4413
b	259	170	T	4414
b	272	170	C	4415
b	282	165	T	4416
b	294	162	T	4417
b	306	168	A	4418
b	312	181.5	G	4419
b	306	195	C	4420
b	294	201	T	4421
b	282	198	T	4422
b	272	193	G	4423
b	259	193	G	4424
b	246	193	G	4425
b	233	193	T	4426
b	220	193	A	4427
b	220	205	G	4428
b	226	215	G	4429
b	218	225	G	4430
b	206	228	A	4431
b	200	238	C	4432
b	200	253	T	4433
b	200	268	C	4434
b	200	283	T	4435
b	200	298	T	4436
b	208	308	A	4437
b	208	323	G	4438
b	200	334	G	4439
b	187.5	336	T	4440
b	175	334	T	4441
b	167	323	T	4442
b	167	308	T	4443
b	175	298	A	4444
b	175	283	A	4445
b	175	268	G	4446
b	175	253	A	4447
b	175	238	G	4448
b	163	228	G	4449
b	152	215	C	4450
b	139	215	A	4451
b	126	215	C	4452
b	113	215	G	4453
b	101	223	G	4454
b	88	228	T	4455
b	75	223	G	4456
b	64	211	G	4457
b	64	196	A	4458
b	75	184	T	4459
b	88	179	A	4460
b	101	184	G	4461
b	113	192	T	4462
b	126	192	G	4463
b	139	192	T	4464
b	152	192	G	4465
b	165	183	G	4466
b	173	173	G	4467
b	180	160	G	4468
b	180	145	T	4469
b	180	130	A	4470
b	180	115	G	4471
b	180	100	G	4472
b	180	85	A	4473
b	180	70	T	4474
l	190	67	205	67
l	190	82	205	82
l	190	97	205	97
l	190	112	205	112
l	190	127	205	127
d	196	142
d	196	157
l	224	173	224	183
l	237	173	237	183
l	250	173	250	183
d	263	177
l	276	173	276	183
dl	180	223	203	223
l	185	235	198	235
l	185	250	198	250
l	185	265	198	265
l	185	280	198	280
l	185	295	198	295
d	117	200
l	130	195	130	205
l	143	195	143	205
l	156	195	156	205
