Type	Genomic Coordinate	Base	x1	y1	x2	y2
b	1671	G	1105	1425
b	1672	C	1105	1444
b	1673	T	1136	1459
b	1674	A	1158	1490
b	1675	A	1166	1524
b	1676	A	1158	1558
b	1677	C	1136	1586
b	1678	C	1107	1602
b	1679	T	1131	1612
b	1680	A	1153	1634
b	1681	G	1166	1661
b	1682	C	1185	1661
b	1683	C	1211	1661
b	1684	C	1232	1661
b	1685	C	1234	1645
b	1686	A	1237	1631
b	1687	A	1242	1616
b	1688	A	1248	1602
b	1689	C	1256	1588
b	1690	C	1265	1576
b	1691	C	1275	1564
b	1692	A	1286	1553
b	1693	C	1298	1543
b	1694	T	1310	1534
b	1695	C	1324	1527
b	1696	C	1338	1520
b	1697	A	1352	1516
b	1698	C	1368	1512
b	1699	C	1382	1509
b	1700	T	1398	1508
b	1701	T	1413	1509
b	1702	A	1429	1511
b	1703	C	1444	1514
b	1704	T	1458	1518
b	1705	A	1473	1524
b	1706	C	1487	1531
b	1707	C	1500	1540
b	1708	A	1512	1549
b	1709	G	1523	1560
b	1710	A	1533	1572
b	1711	C	1543	1584
b	1712	A	1551	1597
b	1713	A	1557	1612
b	1714	C	1563	1625
b	1715	C	1567	1640
b	1716	T	1570	1655
b	1717	T	1571	1671
b	1718	A	1571	1687
b	1719	G	1570	1702
b	1720	C	1567	1717
b	1721	C	1563	1732
b	1722	A	1557	1747
b	1723	A	1575	1746
b	1724	A	1589	1757
b	1725	C	1592	1774
b	1726	C	1584	1790
b	1727	A	1567	1797
b	1728	T	1550	1790
b	1729	T	1541	1775
b	1730	T	1528	1792
b	1731	A	1513	1808
b	1732	C	1496	1821
b	1733	C	1477	1832
b	1734	C	1457	1840
b	1735	A	1436	1846
b	1736	A	1415	1849
b	1737	A	1393	1850
b	1738	T	1372	1846
b	1739	A	1376	1830
b	1740	A	1390	1820
b	1741	A	1404	1809
b	1742	G	1412	1794
b	1743	T	1414	1774
b	1744	A	1408	1759
b	1745	T	1397	1747
b	1746	A	1403	1729
b	1747	G	1412	1717
b	1748	G	1410	1702
b	1749	C	1397	1692
b	1750	G	1381	1694
b	1751	A	1371	1706
b	1752	T	1371	1720
b	1753	A	1365	1738
b	1754	G	1348	1747
b	1755	A	1333	1762
b	1756	A	1329	1783
b	1757	A	1334	1803
b	1758	T	1344	1821
b	1759	T	1340	1837
b	1760	G	1319	1828
b	1761	A	1298	1816
b	1762	A	1280	1800
b	1763	A	1265	1782
b	1764	C	1252	1761
b	1765	C	1242	1740
b	1766	T	1234	1717
b	1767	G	1231	1694
b	1768	G	1211	1693
b	1769	C	1198	1698
b	1770	G	1185	1691
b	1771	C	1165	1694
b	1772	A	1161	1709
b	1773	A	1154	1722
b	1774	T	1144	1732
b	1775	A	1132	1743
b	1776	G	1120	1749
b	1777	A	1105	1755
b	1778	T	1090	1756
b	1779	A	1075	1755
b	1780	T	1061	1750
b	1781	A	1047	1744
b	1782	G	1036	1735
b	1783	T	1026	1722
b	1784	A	1018	1710
b	1785	C	1014	1696
b	1786	C	993	1696
b	1787	G	976	1700
b	1788	C	962	1689
b	1789	A	962	1672
b	1790	A	975	1660
b	1791	G	993	1663
b	1792	G	1014	1663
b	1793	G	1018	1646
b	1794	A	1027	1631
b	1795	A	1039	1619
b	1796	A	1053	1610
b	1797	G	1071	1602
b	1798	A	1059	1600
b	1799	T	1048	1594
b	1800	G	1038	1589
b	1801	A	1029	1582
b	1802	A	1021	1572
b	1803	A	1014	1562
b	1804	A	1009	1551
b	1805	A	1006	1540
b	1806	T	1004	1527
b	1807	T	1004	1516
b	1808	A	1006	1504
b	1809	T	1009	1492
b	1810	A	1014	1482
b	1811	A	1021	1474
b	1812	C	1029	1463
b	1813	C	1039	1456
b	1814	A	1049	1450
b	1815	A	1060	1445
b	1816	G	1072	1443
b	1817	C	1073	1424
b	1818	A	1054	1423
b	1819	T	1038	1417
b	1820	A	1021	1412
b	1821	A	1007	1406
b	1822	T	989	1394
b	1823	A	976	1387
b	1824	T	962	1376
b	1825	A	950	1363
b	1826	G	939	1350
b	1827	C	929	1335
b	1828	A	919	1321
b	1829	A	912	1306
b	1830	G	894	1312
b	1831	G	874	1315
b	1832	A	863	1333
b	1833	C	848	1338
b	1834	T	831	1332
b	1835	A	820	1321
b	1836	A	821	1302
b	1837	C	832	1288
b	1838	C	847	1282
b	1839	C	865	1287
b	1840	C	883	1280
b	1841	T	901	1274
b	1842	A	896	1254
b	1843	T	894	1236
b	1844	A	893	1219
b	1845	C	895	1200
b	1846	C	882	1212
b	1847	T	865	1218
b	1848	T	847	1217
b	1849	C	832	1209
b	1850	T	821	1195
b	1851	G	817	1177
b	1852	C	821	1161
b	1853	A	830	1146
b	1854	T	846	1136
b	1855	A	863	1135
b	1856	A	880	1140
b	1857	T	894	1151
b	1858	G	901	1168
b	1859	A	906	1151
b	1860	A	913	1135
b	1861	T	896	1125
b	1862	T	877	1115
b	1863	A	860	1106
b	1864	A	843	1095
b	1865	C	826	1084
b	1866	T	817	1093
b	1867	A	807	1103
b	1868	G	798	1110
b	1869	A	787	1116
b	1870	A	775	1121
b	1871	A	763	1125
b	1872	T	751	1126
b	1873	A	739	1128
b	1874	A	727	1127
b	1875	C	714	1125
b	1876	T	715	1142
b	1877	T	703	1155
b	1878	T	703	1172
b	1879	G	691	1186
b	1880	C	684	1205
b	1881	A	691	1218
b	1882	A	695	1231
b	1883	G	689	1250
b	1884	G	700	1266
b	1885	A	713	1279
b	1886	G	712	1296
b	1887	A	697	1307
b	1888	G	680	1302
b	1889	C	673	1285
b	1890	C	662	1268
b	1891	A	637	1257
b	1892	A	623	1232
b	1893	A	632	1207
b	1894	G	653	1193
b	1895	C	661	1174
b	1896	T	660	1155
b	1897	A	672	1145
b	1898	A	672	1127
b	1899	G	684	1113
b	1900	A	670	1106
b	1901	C	657	1098
b	1902	C	648	1088
b	1903	C	639	1075
b	1904	C	622	1087
b	1905	C	612	1102
b	1906	G	594	1105
b	1907	A	591	1127
b	1908	A	578	1142
b	1909	A	558	1150
b	1910	C	537	1144
b	1911	C	521	1157
b	1912	A	506	1170
b	1913	G	490	1183
b	1914	A	483	1200
b	1915	C	463	1213
b	1916	G	466	1224
b	1917	A	466	1236
b	1918	G	464	1246
b	1919	C	459	1256
b	1920	T	451	1263
b	1921	A	438	1275
b	1922	C	438	1298
b	1923	C	438	1315
b	1924	T	438	1334
b	1925	A	438	1356
b	1926	A	451	1369
b	1927	G	451	1389
b	1928	A	438	1402
b	1929	A	438	1422
b	1930	C	438	1447
b	1931	A	455	1460
b	1932	G	464	1479
b	1933	C	483	1483
b	1934	T	503	1488
b	1935	A	520	1486
b	1936	A	534	1497
b	1937	A	537	1514
b	1938	A	526	1529
b	1939	G	509	1531
b	1940	A	495	1521
b	1941	G	475	1516
b	1942	C	456	1511
b	1943	A	443	1521
b	1944	C	429	1527
b	1945	A	413	1526
b	1946	C	398	1519
b	1947	C	381	1530
b	1948	C	364	1540
b	1949	G	357	1554
b	1950	T	344	1561
b	1951	C	329	1560
b	1952	T	311	1569
b	1953	A	294	1580
b	1954	T	276	1590
b	1955	G	271	1607
b	1956	T	256	1618
b	1957	A	238	1621
b	1958	G	223	1611
b	1959	C	215	1596
b	1960	A	215	1579
b	1961	A	226	1565
b	1962	A	243	1558
b	1963	A	260	1562
b	1964	T	278	1551
b	1965	A	295	1542
b	1966	G	313	1532
b	1967	T	325	1514
b	1968	G	347	1512
b	1969	G	364	1502
b	1970	G	382	1492
b	1971	A	383	1474
b	1972	A	391	1459
b	1973	G	406	1448
b	1974	A	398	1435
b	1975	T	405	1422
b	1976	T	404	1402
b	1977	T	391	1388
b	1978	A	391	1369
b	1979	T	404	1355
b	1980	A	404	1336
b	1981	G	404	1315
b	1982	G	404	1296
b	1983	T	404	1275
b	1984	A	382	1262
b	1985	G	372	1238
b	1986	A	347	1246
b	1987	G	328	1230
b	1988	G	307	1227
b	1989	C	292	1235
b	1990	G	275	1232
b	1991	A	262	1220
b	1992	C	259	1202
b	1993	A	267	1187
b	1994	A	283	1179
b	1995	A	300	1182
b	1996	C	313	1194
b	1997	C	333	1197
b	1998	T	344	1191
b	1999	A	358	1190
b	2000	C	370	1195
b	2001	C	379	1206
b	2002	G	396	1189
b	2003	A	418	1184
b	2004	G	440	1191
b	2005	C	440	1173
b	2006	C	452	1159
b	2007	T	462	1157
b	2008	G	485	1144
b	2009	G	501	1132
b	2010	T	517	1119
b	2011	G	517	1105
b	2012	A	521	1090
b	2013	T	533	1078
b	2014	A	547	1072
b	2015	G	562	1072
b	2016	C	577	1078
b	2017	T	586	1063
b	2018	G	604	1060
b	2019	G	620	1049
b	2020	T	621	1011
b	2021	T	630	974
b	2022	G	650	940
b	2023	T	636	925
b	2024	C	623	910
b	2025	C	610	895
b	2026	A	596	880
b	2027	A	582	866
b	2028	G	571	871
b	2029	A	561	875
b	2030	T	549	879
b	2031	A	537	881
b	2032	G	522	883
b	2033	A	516	910
b	2034	A	518	923
b	2035	T	509	934
b	2036	C	507	952
b	2037	T	492	962
b	2038	T	476	956
b	2039	A	468	941
b	2040	G	477	925
b	2041	T	484	900
b	2042	T	480	887
b	2043	C	490	876
b	2044	A	470	867
b	2045	A	450	858
b	2046	C	438	874
b	2047	T	433	893
b	2048	T	413	904
b	2049	T	400	920
b	2050	A	387	937
b	2051	A	374	952
b	2052	A	361	968
b	2053	T	349	982
b	2054	T	336	998
b	2055	T	323	1014
b	2056	G	310	1030
b	2057	C	298	1046
b	2058	C	302	1061
b	2059	C	301	1077
b	2060	A	293	1092
b	2061	C	282	1102
b	2062	A	266	1107
b	2063	G	251	1106
b	2064	A	238	1123
b	2065	A	243	1139
b	2066	C	240	1156
b	2067	C	230	1170
b	2068	C	214	1179
b	2069	T	196	1179
b	2070	C	180	1172
b	2071	T	169	1159
b	2072	A	164	1142
b	2073	A	168	1124
b	2074	A	179	1110
b	2075	T	194	1102
b	2076	C	213	1102
b	2077	C	225	1086
b	2078	C	219	1067
b	2079	C	222	1048
b	2080	T	235	1032
b	2081	T	253	1024
b	2082	G	273	1025
b	2083	T	285	1008
b	2084	A	298	994
b	2085	A	310	978
b	2086	A	323	963
b	2087	T	336	946
b	2088	T	349	930
b	2089	T	362	915
b	2090	A	374	900
b	2091	A	387	884
b	2092	C	389	869
b	2093	T	398	857
b	2094	G	412	853
b	2095	T	424	835
b	2096	T	419	811
b	2097	A	414	790
b	2098	G	413	767
b	2099	T	393	761
b	2100	C	373	759
b	2101	C	353	754
b	2102	A	333	750
b	2103	A	313	746
b	2104	A	293	743
b	2105	G	274	738
b	2106	A	254	734
b	2107	G	235	729
b	2108	G	218	735
b	2109	A	201	729
b	2110	A	193	714
b	2111	C	196	695
b	2112	A	210	686
b	2113	G	228	685
b	2114	C	241	697
b	2115	T	260	701
b	2116	C	280	706
b	2117	T	300	709
b	2118	T	320	713
b	2119	T	340	717
b	2120	G	360	722
b	2121	G	379	726
b	2122	A	399	730
b	2123	C	419	735
b	2124	A	426	718
b	2125	C	436	703
b	2126	T	449	690
b	2127	A	462	680
b	2128	G	454	661
b	2129	G	446	643
b	2130	A	431	633
b	2131	A	427	616
b	2132	A	434	600
b	2133	A	451	593
b	2134	A	467	598
b	2135	A	477	612
b	2136	C	476	630
b	2137	C	484	648
b	2138	T	492	666
b	2139	T	509	662
b	2140	G	527	662
b	2141	T	545	663
b	2142	A	562	669
b	2143	G	578	667
b	2144	A	590	661
b	2145	G	604	645
b	2146	A	604	630
b	2147	G	619	625
b	2148	A	632	610
b	2149	G	645	594
b	2150	T	643	576
b	2151	A	650	560
b	2152	A	664	550
b	2153	A	682	549
b	2154	A	670	536
b	2155	A	655	517
b	2156	A	641	490
b	2157	T	631	465
b	2158	T	624	439
b	2159	T	621	412
b	2160	A	620	388
b	2161	A	620	363
b	2162	C	622	338
b	2163	A	622	315
b	2164	C	624	295
b	2165	C	628	273
b	2166	C	635	251
b	2167	A	633	234
b	2168	T	625	218
b	2169	A	613	222
b	2170	G	601	217
b	2171	T	587	222
b	2172	A	572	222
b	2173	G	556	217
b	2174	G	536	217
b	2175	C	516	217
b	2176	C	503	229
b	2177	T	486	233
b	2178	A	468	229
b	2179	A	456	217
b	2180	A	451	200
b	2181	A	456	183
b	2182	G	469	170
b	2183	C	486	166
b	2184	A	503	171
b	2185	G	516	183
b	2186	C	536	183
b	2187	C	556	183
b	2188	A	572	180
b	2189	C	587	180
b	2190	C	602	183
b	2191	A	614	180
b	2192	A	628	183
b	2193	T	639	175
b	2194	T	651	168
b	2195	A	665	168
b	2196	A	676	175
b	2197	G	690	185
b	2198	A	700	174
b	2199	A	713	174
b	2200	A	724	185
b	2201	G	745	185
b	2202	C	758	173
b	2203	G	776	170
b	2204	T	792	177
b	2205	T	801	191
b	2206	C	802	210
b	2207	A	791	225
b	2208	A	775	232
b	2209	G	758	229
b	2210	C	745	217
b	2211	T	724	217
b	2212	C	689	217
b	2213	A	684	228
b	2214	A	674	239
b	2215	C	686	250
b	2216	A	697	260
b	2217	C	707	274
b	2218	C	715	290
b	2219	C	723	306
b	2220	A	728	323
b	2221	C	733	337
b	2222	T	746	336
b	2223	A	760	337
b	2224	C	775	340
b	2225	C	788	346
b	2226	T	800	351
b	2227	A	811	358
b	2228	A	823	369
b	2229	A	836	381
b	2230	A	844	393
b	2231	A	850	407
b	2232	A	855	421
b	2233	T	857	438
b	2234	C	858	455
b	2235	C	857	470
b	2236	C	854	486
b	2237	A	849	501
b	2238	A	842	515
b	2239	A	834	529
b	2240	C	823	541
b	2241	A	812	551
b	2242	T	798	561
b	2243	A	785	567
b	2244	T	771	572
b	2245	A	756	575
b	2246	A	740	575
b	2247	C	721	576
b	2248	T	708	569
b	2249	G	710	587
b	2250	A	702	604
b	2251	A	688	614
b	2252	C	670	615
b	2253	T	657	630
b	2254	C	645	646
b	2255	C	629	665
b	2256	T	616	681
b	2257	C	604	697
b	2258	A	614	712
b	2259	C	623	727
b	2260	A	628	744
b	2261	C	632	760
b	2262	C	633	778
b	2263	C	630	795
b	2264	A	625	813
b	2265	A	617	829
b	2266	T	607	842
b	2267	T	620	857
b	2268	G	634	873
b	2269	G	648	888
b	2270	A	661	904
b	2271	C	675	918
b	2272	C	692	909
b	2273	A	709	903
b	2274	A	728	900
b	2275	T	748	900
b	2276	C	754	881
b	2277	T	758	861
b	2278	A	763	842
b	2279	T	768	822
b	2280	C	763	805
b	2281	A	770	790
b	2282	C	787	781
b	2283	C	803	785
b	2284	C	814	800
b	2285	T	812	817
b	2286	A	800	830
b	2287	T	795	849
b	2288	A	790	870
b	2289	G	785	889
b	2290	A	780	909
b	2291	A	795	917
b	2292	G	811	926
b	2293	A	822	940
b	2294	A	833	955
b	2295	C	841	969
b	2296	T	846	985
b	2297	A	849	1004
b	2298	A	850	1022
b	2299	T	847	1038
b	2300	G	842	1056
b	2301	T	859	1065
b	2302	T	877	1075
b	2303	A	894	1087
b	2304	G	912	1096
b	2305	T	929	1106
b	2306	A	938	1095
b	2307	T	945	1087
b	2308	A	954	1076
b	2309	A	963	1069
b	2310	G	971	1063
b	2311	T	982	1055
b	2312	A	992	1048
b	2313	A	1001	1042
b	2314	C	1010	1037
b	2315	A	1020	1033
b	2316	T	1029	1030
b	2317	G	1041	1027
b	2318	A	1036	1008
b	2319	A	1031	989
b	2320	A	1023	972
b	2321	A	1031	957
b	2322	C	1049	952
b	2323	A	1062	963
b	2324	T	1063	979
b	2325	T	1068	999
b	2326	C	1074	1019
b	2327	T	1093	1017
b	2328	C	1093	998
b	2329	C	1093	978
b	2330	T	1078	957
b	2331	C	1067	933
b	2332	C	1078	909
b	2333	G	1093	890
b	2334	C	1094	870
b	2335	A	1094	850
b	2336	T	1094	830
b	2337	A	1077	821
b	2338	A	1065	807
b	2339	G	1059	789
b	2340	C	1060	770
b	2341	C	1067	752
b	2342	T	1078	738
b	2343	G	1095	730
b	2344	C	1078	719
b	2345	G	1068	702
b	2346	T	1047	702
b	2347	C	1027	702
b	2348	A	1007	702
b	2349	G	987	702
b	2350	A	977	718
b	2351	T	963	728
b	2352	T	947	734
b	2353	A	929	733
b	2354	A	913	726
b	2355	A	901	713
b	2356	A	894	696
b	2357	C	895	678
b	2358	A	900	662
b	2359	C	913	648
b	2360	T	929	640
b	2361	G	947	638
b	2362	A	963	644
b	2363	A	977	656
b	2364	C	987	669
b	2365	T	1007	669
b	2366	G	1027	669
b	2367	A	1047	669
b	2368	C	1067	669
b	2369	A	1075	656
b	2370	A	1087	645
b	2371	T	1103	638
b	2372	T	1120	638
b	2373	A	1135	645
b	2374	A	1147	656
b	2375	C	1156	670
b	2376	A	1176	670
b	2377	G	1196	670
b	2378	C	1206	654
b	2379	C	1220	644
b	2380	C	1238	641
b	2381	A	1255	644
b	2382	A	1269	631
b	2383	T	1283	615
b	2384	A	1297	602
b	2385	T	1290	584
b	2386	C	1287	568
b	2387	T	1288	550
b	2388	A	1293	534
b	2389	C	1304	518
b	2390	A	1317	508
b	2391	A	1332	499
b	2392	T	1349	494
b	2393	C	1368	495
b	2394	A	1384	501
b	2395	A	1399	510
b	2396	C	1412	521
b	2397	C	1421	537
b	2398	A	1426	554
b	2399	A	1426	572
b	2400	C	1422	589
b	2401	A	1431	604
b	2402	A	1420	620
b	2403	G	1404	616
b	2404	T	1389	626
b	2405	C	1372	632
b	2406	A	1354	635
b	2407	T	1337	630
b	2408	T	1320	623
b	2409	A	1306	639
b	2410	T	1292	652
b	2411	T	1278	666
b	2412	A	1282	685
b	2413	C	1279	702
b	2414	C	1270	717
b	2415	C	1255	727
b	2416	T	1237	730
b	2417	C	1220	727
b	2418	A	1205	717
b	2419	C	1196	701
b	2420	T	1176	701
b	2421	G	1156	701
b	2422	T	1145	718
b	2423	C	1128	730
b	2424	A	1142	738
b	2425	A	1153	749
b	2426	C	1161	762
b	2427	C	1164	778
b	2428	C	1184	783
b	2429	A	1200	780
b	2430	A	1216	788
b	2431	C	1224	803
b	2432	A	1219	820
b	2433	C	1204	830
b	2434	A	1186	828
b	2435	G	1174	815
b	2436	G	1155	810
b	2437	C	1143	822
b	2438	A	1126	831
b	2439	T	1126	851
b	2440	G	1126	871
b	2441	C	1126	891
b	2442	T	1139	900
b	2443	C	1148	913
b	2444	A	1153	927
b	2445	T	1154	940
b	2446	A	1147	955
b	2447	A	1136	966
b	2448	G	1126	977
b	2449	G	1126	998
b	2450	A	1126	1018
b	2451	A	1140	1018
b	2452	A	1154	1018
b	2453	G	1776	1018
b	2454	G	1776	1000
b	2455	T	1776	980
b	2456	T	1776	960
b	2457	A	1767	952
b	2458	A	1762	941
b	2459	A	1762	928
b	2460	A	1767	917
b	2461	A	1776	908
b	2462	A	1776	888
b	2463	A	1776	868
b	2464	G	1776	848
b	2465	T	1776	828
b	2466	A	1776	808
b	2467	A	1776	788
b	2468	A	1768	770
b	2469	A	1776	754
b	2470	G	1776	734
b	2471	G	1770	723
b	2472	A	1770	711
b	2473	A	1776	701
b	2474	C	1764	687
b	2475	T	1759	669
b	2476	C	1765	653
b	2477	G	1778	641
b	2478	G	1796	637
b	2479	C	1790	628
b	2480	A	1786	619
b	2481	A	1784	608
b	2482	A	1785	597
b	2483	T	1788	586
b	2484	C	1793	577
b	2485	T	1799	569
b	2486	T	1808	562
b	2487	A	1818	558
b	2488	C	1818	538
b	2489	C	1818	517
b	2490	C	1818	497
b	2491	C	1818	472
b	2492	G	1818	451
b	2493	C	1799	444
b	2494	C	1783	431
b	2495	T	1770	414
b	2496	G	1763	396
b	2497	T	1743	396
b	2498	T	1731	408
b	2499	T	1714	414
b	2500	A	1696	411
b	2501	C	1684	398
b	2502	C	1679	381
b	2503	A	1683	364
b	2504	A	1695	352
b	2505	A	1713	347
b	2506	A	1729	352
b	2507	A	1742	363
b	2508	C	1763	363
b	2509	A	1768	347
b	2510	T	1776	332
b	2511	C	1789	320
b	2512	A	1803	311
b	2513	C	1819	305
b	2514	C	1819	285
b	2515	T	1819	264
b	2516	C	1819	244
b	2517	T	1819	223
b	2518	A	1819	205
b	2519	G	1805	195
b	2520	C	1795	185
b	2521	A	1790	163
b	2522	T	1793	144
b	2523	C	1804	130
b	2524	A	1818	121
b	2525	C	1836	117
b	2526	C	1853	120
b	2527	A	1867	131
b	2528	G	1877	145
b	2529	T	1880	161
b	2530	A	1876	180
b	2531	T	1867	193
b	2532	T	1852	203
b	2533	A	1852	225
b	2534	G	1852	244
b	2535	A	1852	265
b	2536	G	1852	285
b	2537	G	1852	305
b	2538	C	1867	310
b	2539	A	1881	319
b	2540	C	1893	330
b	2541	C	1902	343
b	2542	G	1908	359
b	2543	C	1928	359
b	2544	C	1948	359
b	2545	T	1965	322
b	2546	G	1999	303
b	2547	C	1999	283
b	2548	C	1998	263
b	2549	C	1988	253
b	2550	A	1989	241
b	2551	G	1998	230
b	2552	T	1997	209
b	2553	G	1997	177
b	2554	A	1997	157
b	2555	C	1997	136
b	2556	A	1993	120
b	2557	C	2004	106
b	2558	A	2022	106
b	2559	T	2033	118
b	2560	G	2030	136
b	2561	T	2030	156
b	2562	T	2030	176
b	2563	T	2041	186
b	2564	A	2041	200
b	2565	A	2032	210
b	2566	C	2032	230
b	2567	G	2032	262
b	2568	G	2032	283
b	2569	C	2032	303
b	2570	C	2053	312
b	2571	G	2068	298
b	2572	C	2083	284
b	2573	G	2097	270
b	2574	G	2112	256
b	2575	T	2113	238
b	2576	A	2124	226
b	2577	C	2141	219
b	2578	C	2158	223
b	2579	C	2171	236
b	2580	T	2173	253
b	2581	A	2166	270
b	2582	A	2152	280
b	2583	C	2135	280
b	2584	C	2120	294
b	2585	G	2105	308
b	2586	T	2090	321
b	2587	G	2076	336
b	2588	C	2081	347
b	2589	A	2084	360
b	2590	A	2085	372
b	2591	A	2083	385
b	2592	G	2080	396
b	2593	G	2074	407
b	2594	T	2067	416
b	2595	A	2057	426
b	2596	G	2047	432
b	2597	C	2058	448
b	2598	A	2075	441
b	2599	T	2094	440
b	2600	A	2112	447
b	2601	A	2126	460
b	2602	T	2135	476
b	2603	C	2137	496
b	2604	A	2130	514
b	2605	C	2119	529
b	2606	T	2102	537
b	2607	T	2083	540
b	2608	G	2065	535
b	2609	T	2051	550
b	2610	T	2037	567
b	2611	C	2023	579
b	2612	C	2009	594
b	2613	T	2006	611
b	2614	T	1994	624
b	2615	A	1976	628
b	2616	A	1960	620
b	2617	A	1952	604
b	2618	T	1955	586
b	2619	A	1967	574
b	2620	G	1985	571
b	2621	G	1999	556
b	2622	G	2013	542
b	2623	A	2027	528
b	2624	C	2042	513
b	2625	C	2037	500
b	2626	T	2036	487
b	2627	G	2039	475
b	2628	T	2021	470
b	2629	A	2012	457
b	2630	T	2015	439
b	2631	G	1998	437
b	2632	A	1981	431
b	2633	A	1967	421
b	2634	T	1956	405
b	2635	G	1948	390
b	2636	G	1928	390
b	2637	C	1908	390
b	2638	T	1903	407
b	2639	C	1895	424
b	2640	C	1882	436
b	2641	A	1867	446
b	2642	C	1850	451
b	2643	G	1850	471
b	2644	A	1854	484
b	2645	G	1850	497
b	2646	G	1850	517
b	2647	G	1850	537
b	2648	T	1850	556
b	2649	T	1874	574
b	2650	C	1885	604
b	2651	A	1876	633
b	2652	G	1853	652
b	2653	C	1823	654
b	2654	T	1826	671
b	2655	G	1822	688
b	2656	T	1809	699
b	2657	C	1808	732
b	2658	T	1808	752
b	2659	C	1815	769
b	2660	T	1808	784
b	2661	T	1808	805
b	2662	A	1808	826
b	2663	C	1808	846
b	2664	T	1808	866
b	2665	T	1808	886
b	2666	T	1808	906
b	2667	T	1823	932
b	2668	A	1808	960
b	2669	A	1808	980
b	2670	C	1808	1000
b	2671	C	1808	1020
b	2672	A	1826	1022
b	2673	G	1844	1024
b	2674	T	1861	1027
b	2675	G	1878	1033
b	2676	A	1895	1039
b	2677	A	1911	1046
b	2678	A	1926	1054
b	2679	T	1942	1062
b	2680	T	1957	1072
b	2681	G	1971	1084
b	2682	A	1984	1096
b	2683	C	1997	1108
b	2684	C	2009	1121
b	2685	T	2019	1135
b	2686	G	2029	1151
b	2687	C	2047	1140
b	2688	C	2065	1131
b	2689	C	2082	1121
b	2690	G	2100	1111
b	2691	T	2106	1094
b	2692	G	2120	1083
b	2693	A	2137	1082
b	2694	A	2153	1091
b	2695	G	2162	1106
b	2696	A	2160	1124
b	2697	G	2150	1138
b	2698	G	2133	1144
b	2699	C	2116	1140
b	2700	G	2098	1149
b	2701	G	2080	1159
b	2702	G	2063	1169
b	2703	C	2045	1179
b	2704	A	2052	1195
b	2705	T	2058	1211
b	2706	A	2062	1229
b	2707	A	2066	1247
b	2708	C	2070	1264
b	2709	A	2071	1282
b	2710	C	2072	1299
b	2711	A	2070	1316
b	2712	G	2089	1316
b	2713	C	2102	1306
b	2714	A	2113	1306
b	2715	A	2121	1316
b	2716	G	2145	1316
b	2717	A	2166	1316
b	2718	C	2186	1306
b	2719	G	2206	1316
b	2720	A	2228	1316
b	2721	G	2236	1291
b	2722	A	2247	1271
b	2723	A	2262	1253
b	2724	G	2281	1236
b	2725	A	2300	1225
b	2726	C	2323	1215
b	2727	C	2346	1210
b	2728	C	2346	1190
b	2729	T	2346	1169
b	2730	A	2346	1150
b	2731	T	2341	1136
b	2732	G	2346	1124
b	2733	G	2346	1104
b	2734	A	2346	1084
b	2735	G	2346	1063
b	2736	C	2346	1043
b	2737	T	2346	1022
b	2738	T	2335	1001
b	2739	T	2327	977
b	2740	A	2332	955
b	2741	A	2346	935
b	2742	T	2346	914
b	2743	T	2346	894
b	2744	T	2336	879
b	2745	A	2336	862
b	2746	T	2347	847
b	2747	T	2347	827
b	2748	A	2347	808
b	2749	A	2347	788
b	2750	T	2347	766
b	2751	G	2347	747
b	2752	C	2347	726
b	2753	A	2347	707
b	2754	A	2330	703
b	2755	A	2313	697
b	2756	C	2298	688
b	2757	A	2283	678
b	2758	G	2271	665
b	2759	T	2260	650
b	2760	A	2251	636
b	2761	C	2246	619
b	2762	C	2242	601
b	2763	T	2240	583
b	2764	A	2242	566
b	2765	A	2245	549
b	2766	C	2252	532
b	2767	A	2260	517
b	2768	A	2270	503
b	2769	A	2283	491
b	2770	C	2298	479
b	2771	C	2313	471
b	2772	C	2330	465
b	2773	A	2347	461
b	2774	C	2365	460
b	2775	A	2382	462
b	2776	G	2400	465
b	2777	G	2417	471
b	2778	T	2432	479
b	2779	C	2446	491
b	2780	C	2459	503
b	2781	T	2469	517
b	2782	A	2477	533
b	2783	A	2483	550
b	2784	A	2487	568
b	2785	C	2488	585
b	2786	T	2486	602
b	2787	A	2482	620
b	2788	C	2477	636
b	2789	C	2468	652
b	2790	A	2456	666
b	2791	A	2444	679
b	2792	A	2429	689
b	2793	C	2415	697
b	2794	C	2398	703
b	2795	T	2380	706
b	2796	G	2380	727
b	2797	C	2380	747
b	2798	A	2380	768
b	2799	T	2380	787
b	2800	T	2380	807
b	2801	A	2380	828
b	2802	A	2380	849
b	2803	A	2390	863
b	2804	A	2390	881
b	2805	A	2380	895
b	2806	T	2380	914
b	2807	T	2380	934
b	2808	T	2402	931
b	2809	C	2421	929
b	2810	G	2443	927
b	2811	G	2442	907
b	2812	T	2441	886
b	2813	T	2430	872
b	2814	G	2430	855
b	2815	G	2439	840
b	2816	G	2456	834
b	2817	G	2473	839
b	2818	C	2484	853
b	2819	G	2484	870
b	2820	A	2474	886
b	2821	C	2475	905
b	2822	C	2476	925
b	2823	T	2509	924
b	2824	C	2509	904
b	2825	G	2510	884
b	2826	G	2510	864
b	2827	A	2510	845
b	2828	G	2511	823
b	2829	C	2497	812
b	2830	A	2489	797
b	2831	G	2490	779
b	2832	A	2497	764
b	2833	A	2511	753
b	2834	C	2529	748
b	2835	C	2546	752
b	2836	C	2560	764
b	2837	A	2566	781
b	2838	A	2566	798
b	2839	C	2558	813
b	2840	C	2544	824
b	2841	T	2544	843
b	2842	C	2543	864
b	2843	C	2543	884
b	2844	G	2543	905
b	2845	A	2542	925
b	2846	G	2558	925
b	2847	C	2574	925
b	2848	A	2588	925
b	2849	G	2609	925
b	2850	T	2623	902
b	2851	A	2643	887
b	2852	C	2669	880
b	2853	A	2693	886
b	2854	T	2715	899
b	2855	G	2727	926
b	2856	C	2748	925
b	2857	T	2760	910
b	2858	A	2777	906
b	2859	A	2795	911
b	2860	G	2807	924
b	2861	A	2827	925
b	2862	C	2848	925
b	2863	T	2862	914
b	2864	T	2880	914
b	2865	C	2895	926
b	2866	A	2899	943
b	2867	C	2894	960
b	2868	C	2879	970
b	2869	A	2860	970
b	2870	G	2849	958
b	2871	T	2827	957
b	2872	C	2807	957
b	2873	A	2794	969
b	2874	A	2777	973
b	2875	A	2761	969
b	2876	G	2749	957
b	2877	C	2729	958
b	2878	G	2724	968
b	2879	A	2716	979
b	2880	A	2706	989
b	2881	C	2696	996
b	2882	T	2683	1000
b	2883	A	2669	1003
b	2884	C	2656	1001
b	2885	T	2643	997
b	2886	A	2631	991
b	2887	T	2621	981
b	2888	A	2613	971
b	2889	C	2609	958
b	2890	T	2588	957
b	2891	C	2576	963
b	2892	A	2572	976
b	2893	A	2581	985
b	2894	T	2593	996
b	2895	T	2599	1014
b	2896	G	2587	1025
b	2897	A	2571	1026
b	2898	T	2558	1015
b	2899	C	2547	1004
b	2900	C	2534	997
b	2901	A	2533	1018
b	2902	A	2533	1039
b	2903	T	2537	1054
b	2904	A	2526	1069
b	2905	A	2508	1069
b	2906	C	2498	1055
b	2907	T	2500	1037
b	2908	T	2500	1016
b	2909	G	2500	997
b	2910	A	2487	997
b	2911	C	2475	1006
b	2912	C	2472	1021
b	2913	A	2473	1036
b	2914	A	2473	1049
b	2915	C	2472	1063
b	2916	G	2461	1073
b	2917	G	2447	1067
b	2918	A	2436	1057
b	2919	A	2427	1046
b	2920	C	2421	1033
b	2921	A	2410	1021
b	2922	A	2399	1012
b	2923	G	2386	1008
b	2924	T	2379	1022
b	2925	T	2379	1043
b	2926	A	2378	1064
b	2927	C	2379	1084
b	2928	C	2379	1104
b	2929	C	2378	1124
b	2930	T	2378	1149
b	2931	A	2378	1170
b	2932	G	2379	1190
b	2933	G	2379	1210
b	2934	G	2395	1213
b	2935	A	2409	1218
b	2936	T	2424	1224
b	2937	A	2437	1231
b	2938	A	2450	1241
b	2939	C	2464	1253
b	2940	A	2475	1266
b	2941	G	2485	1280
b	2942	C	2493	1297
b	2943	G	2500	1316
b	2944	C	2512	1308
b	2945	A	2527	1308
b	2946	A	2539	1316
b	2947	T	2562	1303
b	2948	C	2586	1316
b	2949	C	2606	1316
b	2950	T	2626	1316
b	2951	A	2646	1316
b	2952	T	2666	1316
b	2953	T	2687	1316
b	2954	C	2707	1307
b	2955	T	2726	1316
b	2956	A	2738	1313
b	2957	G	2752	1316
b	2958	A	2771	1316
b	2959	G	2786	1304
b	2960	T	2803	1302
b	2961	C	2818	1313
b	2962	C	2824	1329
b	2963	A	2819	1348
b	2964	T	2805	1357
b	2965	A	2787	1359
b	2966	T	2773	1347
b	2967	C	2753	1348
b	2968	A	2726	1350
b	2969	A	2714	1358
b	2970	C	2700	1358
b	2971	A	2686	1350
b	2972	A	2666	1350
b	2973	T	2646	1349
b	2974	A	2626	1349
b	2975	G	2605	1349
b	2976	G	2586	1349
b	2977	G	2576	1357
b	2978	T	2563	1360
b	2979	T	2549	1357
b	2980	T	2539	1348
b	2981	A	2520	1359
b	2982	C	2501	1349
b	2983	G	2500	1366
b	2984	A	2495	1382
b	2985	C	2493	1398
b	2986	C	2485	1413
b	2987	T	2477	1427
b	2988	C	2467	1440
b	2989	G	2455	1452
b	2990	A	2441	1463
b	2991	T	2426	1471
b	2992	G	2412	1477
b	2993	T	2396	1482
b	2994	T	2380	1486
b	2995	G	2381	1518
b	2996	G	2381	1538
b	2997	A	2381	1558
b	2998	T	2392	1581
b	2999	C	2381	1604
b	3000	A	2381	1638
b	3001	G	2381	1657
b	3002	G	2381	1677
b	3003	A	2381	1699
b	3004	C	2381	1718
b	3005	A	2392	1725
b	3006	T	2402	1734
b	3007	C	2409	1746
b	3008	C	2429	1746
b	3009	C	2452	1734
b	3010	G	2475	1746
b	3011	A	2494	1746
b	3012	T	2515	1745
b	3013	G	2536	1745
b	3014	G	2556	1745
b	3015	T	2576	1744
b	3016	G	2592	1736
b	3017	C	2609	1739
b	3018	A	2620	1753
b	3019	G	2621	1770
b	3020	C	2609	1783
b	3021	C	2592	1787
b	3022	G	2576	1778
b	3023	C	2556	1778
b	3024	T	2536	1778
b	3025	A	2515	1778
b	3026	T	2495	1778
b	3027	T	2475	1778
b	3028	A	2465	1788
b	3029	A	2452	1792
b	3030	A	2438	1789
b	3031	G	2429	1779
b	3032	G	2409	1779
b	3033	T	2397	1795
b	3034	T	2381	1806
b	3035	C	2381	1827
b	3036	G	2381	1841
b	3037	T	2381	1868
b	3038	T	2381	1888
b	3039	T	2387	1903
b	3040	G	2381	1921
b	3041	T	2364	1927
b	3042	T	2347	1920
b	3043	C	2341	1904
b	3044	A	2347	1888
b	3045	A	2347	1868
b	3046	C	2348	1847
b	3047	G	2348	1827
b	3048	A	2347	1808
b	3049	T	2331	1796
b	3050	T	2321	1780
b	3051	A	2316	1763
b	3052	A	2320	1744
b	3053	A	2331	1729
b	3054	G	2348	1718
b	3055	T	2348	1698
b	3056	C	2348	1678
b	3057	C	2348	1657
b	3058	T	2348	1636
b	3059	A	2341	1627
b	3060	C	2342	1615
b	3061	G	2348	1604
b	3062	T	2339	1594
b	3063	G	2336	1581
b	3064	A	2338	1569
b	3065	T	2348	1557
b	3066	C	2348	1538
b	3067	T	2348	1517
b	3068	G	2347	1487
b	3069	A	2336	1485
b	3070	G	2324	1481
b	3071	T	2313	1477
b	3072	T	2303	1473
b	3073	C	2293	1468
b	3074	A	2283	1461
b	3075	G	2273	1454
b	3076	A	2257	1469
b	3077	C	2243	1481
b	3078	C	2228	1495
b	3079	G	2210	1512
b	3080	G	2195	1526
b	3081	A	2180	1541
b	3082	G	2171	1555
b	3083	T	2153	1556
b	3084	A	2140	1545
b	3085	A	2142	1527
b	3086	T	2157	1516
b	3087	C	2172	1503
b	3088	C	2187	1489
b	3089	A	2192	1477
b	3090	G	2206	1471
b	3091	G	2221	1457
b	3092	T	2235	1443
b	3093	C	2251	1430
b	3094	G	2242	1416
b	3095	G	2235	1400
b	3096	T	2229	1384
b	3097	T	2225	1367
b	3098	T	2224	1348
b	3099	C	2205	1348
b	3100	T	2191	1359
b	3101	A	2177	1359
b	3102	T	2166	1348
b	3103	C	2145	1348
b	3104	T	2121	1348
b	3105	A	2103	1359
b	3106	C	2088	1348
b	3107	N	2068	1348
b	3108	T	2054	1401
b	3109	T	2045	1465
b	3110	C	2040	1527
b	3111	A	2051	1600
b	3112	A	2076	1661
b	3113	A	2109	1694
b	3114	T	2124	1678
b	3115	T	2138	1663
b	3116	C	2144	1648
b	3117	C	2161	1641
b	3118	T	2175	1625
b	3119	C	2189	1612
b	3120	C	2185	1596
b	3121	C	2186	1580
b	3122	T	2192	1564
b	3123	G	2204	1553
b	3124	T	2218	1545
b	3125	A	2233	1545
b	3126	C	2250	1547
b	3127	G	2259	1532
b	3128	A	2276	1530
b	3129	A	2289	1542
b	3130	A	2288	1560
b	3131	G	2275	1570
b	3132	G	2280	1589
b	3133	A	2277	1609
b	3134	C	2267	1624
b	3135	A	2250	1636
b	3136	A	2231	1640
b	3137	G	2213	1635
b	3138	A	2198	1650
b	3139	G	2185	1664
b	3140	A	2177	1681
b	3141	A	2161	1688
b	3142	A	2147	1703
b	3143	T	2133	1716
b	3144	A	2142	1730
b	3145	A	2156	1744
b	3146	G	2171	1759
b	3147	G	2185	1773
b	3148	C	2199	1788
b	3149	C	2212	1789
b	3150	T	2225	1794
b	3151	A	2230	1808
b	3152	C	2234	1822
b	3153	T	2247	1836
b	3154	T	2261	1850
b	3155	C	2276	1861
b	3156	A	2277	1879
b	3157	C	2265	1891
b	3158	A	2247	1890
b	3159	A	2237	1874
b	3160	A	2223	1860
b	3161	G	2210	1845
b	3162	C	2182	1835
b	3163	G	2175	1811
b	3164	C	2161	1796
b	3165	C	2147	1781
b	3166	T	2133	1766
b	3167	T	2119	1752
b	3168	C	2115	1766
b	3169	C	2114	1779
b	3170	C	2106	1791
b	3171	C	2094	1799
b	3172	C	2078	1801
b	3173	G	2063	1805
b	3174	T	2048	1804
b	3175	A	2033	1819
b	3176	A	2019	1833
b	3177	A	2024	1850
b	3178	T	2024	1867
b	3179	G	2018	1884
b	3180	A	2006	1898
b	3181	T	1991	1906
b	3182	A	1973	1910
b	3183	T	1956	1907
b	3184	C	1940	1900
b	3185	A	1927	1888
b	3186	T	1920	1870
b	3187	C	1918	1853
b	3188	T	1922	1836
b	3189	C	1932	1821
b	3190	A	1945	1810
b	3191	A	1962	1804
b	3192	C	1980	1804
b	3193	T	1996	1808
b	3194	T	2010	1794
b	3195	A	2025	1781
b	3196	G	2022	1749
b	3197	T	2003	1701
b	3198	A	1979	1657
b	3199	T	1951	1616
b	3200	T	1921	1579
b	3201	A	1897	1549
b	3202	T	1876	1537
b	3203	A	1859	1535
b	3204	C	1843	1535
b	3205	C	1826	1540
b	3206	C	1811	1548
b	3207	A	1792	1558
b	3208	C	1779	1570
b	3209	A	1764	1583
b	3210	C	1756	1599
b	3211	C	1754	1620
b	3212	C	1758	1644
b	3213	A	1769	1656
b	3214	C	1789	1656
b	3215	C	1810	1656
b	3216	C	1830	1656
b	3217	A	1846	1653
b	3218	A	1864	1650
b	3219	G	1881	1662
b	3220	A	1889	1678
b	3221	A	1880	1695
b	3222	C	1865	1703
b	3223	A	1846	1700
b	3224	G	1830	1694
b	3225	G	1810	1694
b	3226	G	1790	1694
b	3227	T	1769	1694
b	3228	T	1755	1704
b	3229	T	1745	1715