Type	Genomic_Coordinate	Base	x1	y1	x2	y2
b	10469	A	205	10		
b	10470	C	205	25		
b	10471	C	205	40		
b	10472	A	205	55		
b	10473	A	205	70		
b	10474	C	205	85		
b	10475	C	205	100		
b	10476	A	205	115		
b	10477	T	205	130		
b	10478	T	205	145		
b	10479	T	205	160		
b	10480	A	218	170		
b	10481	T	231	170		
b	10482	A	244	170		
b	10483	C	257	170		
b	10484	T	268	165		
b	10485	A	281	167		
b	10486	A	289	181.5		
b	10487	T	281	196		
b	10488	A	268	198		
b	10489	G	257	193		
b	10490	T	244	193		
b	10491	A	231	193		
b	10492	T	218	193		
b	10493	T	220	205		
b	10494	A	226	215		
b	10495	A	218	225		
b	10496	A	206	228		
b	10497	T	200	238		
b	10498	T	200	253		
b	10499	A	200	268		
b	10500	C	200	283		
b	10501	T	200	298		
b	10502	C	208	308		
b	10503	A	208	323		
b	10504	G	200	334		
b	10505	C	187.5	336		
b	10506	T	175	334		
b	10507	T	167	323		
b	10508	T	167	308		
b	10509	A	175	298		
b	10510	G	175	283		
b	10511	T	175	268		
b	10512	A	175	253		
b	10513	A	175	238		
b	10514	G	163	228		
b	10515	C	152	215		
b	10516	A	139	215		
b	10517	A	126	215		
b	10518	A	113	215		
b	10519	A	100	222		
b	10520	C	87	217		
b	10521	A	80	203.5		
b	10522	A	87	190		
b	10523	A	100	185		
b	10524	T	113	192		
b	10525	T	126	192		
b	10526	T	139	192		
b	10527	G	152	192		
b	10528	A	163	183		
b	10529	T	173	173		
b	10530	A	180	160		
b	10531	T	180	145		
b	10532	A	180	130		
b	10533	T	180	115		
b	10534	G	180	100		
b	10535	G	180	85		
b	10536	T	180	70		
l			190	67	205	67
l			190	82	205	82
l			190	97	205	97
l			190	112	205	112
l			190	127	205	127
d			196	142		
l			190	157	205	157
l			222	173	222	183
l			235	173	235	183
l			248	173	248	183
l			261	173	261	183
dl			180	223	203	223
l			185	235	198	235
l			185	250	198	250
l			185	265	198	265
l			185	280	198	280
l			185	295	198	295
l			117	195	117	205
l			130	195	130	205
l			142	195	142	205
l			156	195	156	205
